{
	"format_version": "1.8.0",
	"animations": {
		"animation.jottunheim.idle": {
			"animation_length": 1.5,
			"bones": {
				"head": {
					"rotation": {
						"0.0": {
							"vector": [0, 0, 0]
						},
						"0.25": {
							"vector": [-32.5, 0, 0]
						},
						"0.5": {
							"vector": [-25, 0, 0]
						},
						"1.0": {
							"vector": [-62.5, 0, 0]
						},
						"1.5": {
							"vector": [0, 0, 0]
						}
					},
					"position": {
						"vector": [0, 0, 0]
					}
				},
				"leftArm": {
					"rotation": {
						"0.0": {
							"vector": [0, 0, 0]
						},
						"0.25": {
							"vector": [-153.43495, 14.47751, -26.56505]
						},
						"0.5": {
							"vector": [-155.39019, 17.72091, -33.60502]
						},
						"0.75": {
							"vector": [-159.63943, 22.52101, -45.90469]
						},
						"1.0": {
							"vector": [-150.21271, 3.74196, -6.50446]
						},
						"1.5": {
							"vector": [0, 0, 0]
						}
					},
					"position": {
						"vector": [0, 0, 0]
					}
				},
				"rightArm": {
					"rotation": {
						"0.0": {
							"vector": [0, 0, 0]
						},
						"0.25": {
							"vector": [-148.71777, -9.29798, 14.89149]
						},
						"0.5": {
							"vector": [-149.51995, -11.86554, 19.25656]
						},
						"0.75": {
							"vector": [-153.18697, -19.09208, 32.90921]
						},
						"1.0": {
							"vector": [-147.52472, -1.34295, 2.10886]
						},
						"1.3333": {
							"vector": [0, 0, 0]
						}
					},
					"position": {
						"vector": [0, 0, 0]
					}
				}
			}
		},
		"animation.jottunheim.attack": {
			"animation_length": 1,
			"bones": {
				"rightLeg": {
					"rotation": {
						"vector": [0, 0, 0]
					},
					"position": {
						"vector": [0, 0, 0]
					}
				},
				"leftLeg": {
					"rotation": {
						"vector": [0, 0, 0]
					},
					"position": {
						"vector": [0, 0, 0]
					}
				},
				"leftArm": {
					"rotation": {
						"0.0": {
							"vector": [0, 0, 0]
						},
						"0.25": {
							"vector": [-136.35707, 12.27659, -12.56853]
						},
						"0.5": {
							"vector": [-141.57316, 25.49671, -28.48347]
						},
						"0.7083": {
							"vector": [-135.27341, 4.70345, -4.75511]
						},
						"1.0": {
							"vector": [0, 0, 0]
						}
					},
					"position": {
						"vector": [0, 0, 0]
					}
				},
				"rightArm": {
					"rotation": {
						"0.0": {
							"vector": [0, 0, 0]
						},
						"0.25": {
							"vector": [-136.78082, -13.99545, 14.43276]
						},
						"0.5": {
							"vector": [-141.57316, -25.49671, 28.48347]
						},
						"0.75": {
							"vector": [-135.99297, -10.54529, 10.72858]
						},
						"1.0": {
							"vector": [0, 0, 0]
						}
					},
					"position": {
						"vector": [0, 0, 0]
					}
				},
				"head": {
					"rotation": {
						"0.0": {
							"vector": [0, 0, 0]
						},
						"0.25": {
							"vector": [-45, 0, 0]
						},
						"0.5": {
							"vector": [-72.5, 0, 0]
						},
						"0.75": {
							"vector": [-42.5, 0, 0]
						},
						"1.0": {
							"vector": [0, 0, 0]
						}
					},
					"position": {
						"vector": [0, 0, 0]
					}
				}
			}
		},
		"animation.jottunheim.walk": {
			"animation_length": 2,
			"bones": {
				"rightLeg": {
					"rotation": {
						"0.0": {
							"vector": [0, 0, 0]
						},
						"0.2917": {
							"vector": [22.5, 0, -17.5]
						},
						"0.5833": {
							"vector": [37.5, 0, -17.5]
						},
						"1.0833": {
							"vector": [10.06996, 0, -17.5]
						},
						"1.5": {
							"vector": [0, 0, 0]
						}
					},
					"position": {
						"vector": [0, 0, 0]
					}
				},
				"leftLeg": {
					"rotation": {
						"0.0": {
							"vector": [0, 0, 0]
						},
						"0.2917": {
							"vector": [24.24769, -6.27967, 13.64973]
						},
						"0.5833": {
							"vector": [39.24769, -6.27967, 13.64973]
						},
						"1.0833": {
							"vector": [12.73238, -6.27967, 13.64973]
						},
						"1.5": {
							"vector": [0, 0, 0]
						}
					},
					"position": {
						"vector": [0, 0, 0]
					}
				},
				"leftArm": {
					"rotation": {
						"0.0": {
							"vector": [0, 0, 0]
						},
						"0.2917": {
							"vector": [-137.5, 0, 0]
						},
						"0.5833": {
							"vector": [-130, 0, 0]
						},
						"1.0833": {
							"vector": [-150, 0, 0]
						},
						"1.5": {
							"vector": [0, 0, 0]
						}
					},
					"position": {
						"vector": [0, 0, 0]
					}
				},
				"rightArm": {
					"rotation": {
						"0.0": {
							"vector": [0, 0, 0]
						},
						"0.2917": {
							"vector": [-147.5, 0, 0]
						},
						"0.5833": {
							"vector": [-127.5, 0, 0]
						},
						"1.0833": {
							"vector": [-142.5, 0, 0]
						},
						"1.5": {
							"vector": [0, 0, 0]
						}
					},
					"position": {
						"vector": [0, 0, 0]
					}
				},
				"head": {
					"rotation": {
						"vector": [0, 0, 0]
					},
					"position": {
						"vector": [0, 0, 0]
					}
				}
			}
		}
	},
	"geckolib_format_version": 2
}